City_ID,City,Country,Date,Lat,Lng,Max Temp,Humidity,Cloudiness,Wind Speed
0,Derzhavinsk,KZ,2022-03-29 20:06:37,51.1,66.3167,30.38,94,100,31.76
1,Jamestown,US,2022-03-29 20:06:37,42.097,-79.2353,32.02,43,0,11.5
2,Vaini,TO,2022-03-29 20:06:38,-21.2,-175.2,78.96,78,20,2.3
3,Tommot,RU,2022-03-29 20:06:38,58.9564,126.2925,-1.84,99,99,1.63
4,Port Alfred,ZA,2022-03-29 20:06:38,-33.5906,26.891,69.19,92,96,5.99
5,Norman Wells,CA,2022-03-29 20:04:33,65.282,-126.8329,11.28,88,100,2.37
6,Solok,ID,2022-03-29 20:06:39,-0.7918,100.6593,66.67,69,15,2.39
7,Rikitea,PF,2022-03-29 20:06:39,-23.1203,-134.9692,77.83,69,56,5.48
8,Dikson,RU,2022-03-29 20:06:36,73.5069,80.5464,9.12,95,100,11.54
9,Saskylakh,RU,2022-03-29 20:04:06,71.9167,114.0833,-28.88,100,100,3.69
10,Mae Ramat,TH,2022-03-29 20:06:40,16.984,98.5166,72.5,93,5,0.96
11,Yellowknife,CA,2022-03-29 20:06:41,62.456,-114.3525,18.41,79,100,8.05
12,Khatanga,RU,2022-03-29 20:06:41,71.9667,102.5,-28.37,100,56,1.5
13,Puerto Gaitan,CO,2022-03-29 20:06:42,4.3133,-72.0816,80.01,74,99,3.69
14,Neiafu,TO,2022-03-29 20:06:44,-18.65,-173.9833,83.08,78,40,6.91
15,Tungor,RU,2022-03-29 20:06:45,53.3808,142.9564,28.08,97,100,14.2
16,Mataura,NZ,2022-03-29 20:06:45,-46.1927,168.8643,51.89,96,14,1.68
17,Busselton,AU,2022-03-29 20:04:08,-33.65,115.3333,66.04,79,86,15.79
18,Clyde River,CA,2022-03-29 20:06:46,70.4692,-68.5914,1.8,90,28,3.78
19,San Cristobal,VE,2022-03-29 20:06:46,7.7669,-72.225,78.98,60,58,5.26
20,Lompoc,US,2022-03-29 20:06:46,34.6391,-120.4579,69.57,71,0,14.97
21,Albany,US,2022-03-29 20:02:01,42.6001,-73.9662,36.57,30,100,4.0
22,Sao Joao Da Barra,BR,2022-03-29 20:06:47,-21.6403,-41.0511,84.29,87,100,6.35
23,Zhigalovo,RU,2022-03-29 20:06:48,54.8097,105.1578,-4.56,100,46,1.05
24,Victoria,HK,2022-03-29 20:02:57,22.2855,114.1577,69.94,89,100,3.0
25,Haverfordwest,GB,2022-03-29 20:06:49,51.8017,-4.9691,48.54,90,97,3.29
26,Bredasdorp,ZA,2022-03-29 20:06:49,-34.5322,20.0403,63.18,68,40,11.52
27,Upernavik,GL,2022-03-29 20:06:50,72.7868,-56.1549,16.66,87,82,5.08
28,Puerto Ayora,EC,2022-03-29 20:06:50,-0.7393,-90.3518,82.36,92,58,5.99
29,Buin,CL,2022-03-29 20:06:51,-33.7333,-70.75,79.12,17,0,10.51
30,Ushuaia,AR,2022-03-29 20:04:55,-54.8,-68.3,44.26,70,40,31.07
31,Ponta Delgada,PT,2022-03-29 20:06:51,37.7333,-25.6667,61.52,94,75,6.91
32,Elizabeth City,US,2022-03-29 20:06:52,36.2946,-76.2511,51.06,30,0,5.01
33,Beringovskiy,RU,2022-03-29 20:06:52,63.05,179.3167,-3.86,95,98,12.39
34,Arraial Do Cabo,BR,2022-03-29 20:06:53,-22.9661,-42.0278,78.26,82,99,5.01
35,Hami,CN,2022-03-29 20:06:53,42.8,93.45,47.62,29,100,14.54
36,Osakarovka,KZ,2022-03-29 20:06:53,50.565,72.5692,19.78,93,100,27.58
37,Verkhnevilyuysk,RU,2022-03-29 20:06:54,63.4453,120.3167,2.37,96,100,4.88
38,Marzuq,YE,2022-03-29 20:06:54,14.4,46.4667,66.18,25,3,4.9
39,Ribeira Grande,PT,2022-03-29 20:06:55,38.5167,-28.7,63.0,94,40,6.91
40,Golden,US,2022-03-29 20:06:55,39.7555,-105.2211,52.34,75,100,8.01
41,Aklavik,CA,2022-03-29 20:06:55,68.2191,-135.0107,-5.48,94,100,7.7
42,Hobart,AU,2022-03-29 20:06:56,-42.8794,147.3294,55.26,89,40,8.05
43,Cidreira,BR,2022-03-29 20:07:56,-30.1811,-50.2056,75.61,75,0,13.0
44,Nivala,FI,2022-03-29 20:07:57,63.9167,24.9667,23.68,93,100,9.22
45,Rancho Palos Verdes,US,2022-03-29 20:03:22,33.7445,-118.387,70.05,76,40,13.8
46,Ilo,PE,2022-03-29 20:07:57,-17.6394,-71.3375,70.66,68,75,11.5
47,Butaritari,KI,2022-03-29 20:07:58,3.0707,172.7902,80.96,70,99,13.11
48,Kaohsiung,TW,2022-03-29 20:07:58,22.6163,120.3133,72.03,91,86,1.99
49,Port-Cartier,CA,2022-03-29 20:07:59,50.0334,-66.8654,35.82,81,92,13.94
50,Cantavir,RS,2022-03-29 20:07:59,45.9219,19.7627,55.26,47,100,8.23
51,Kholmskaya,RU,2022-03-29 20:08:00,44.846,38.389,51.75,49,100,14.25
52,Alofi,NU,2022-03-29 20:08:00,-19.0595,-169.9187,80.31,79,100,16.89
53,Turbat,PK,2022-03-29 20:08:00,26.0023,63.044,78.6,11,0,29.44
54,Nizwa,OM,2022-03-29 20:08:01,22.9333,57.5333,76.84,20,0,3.53
55,Ngunguru,NZ,2022-03-29 20:08:01,-35.6167,174.5,68.59,81,43,9.51
56,Barrow,US,2022-03-29 20:08:02,71.2906,-156.7887,-11.18,70,0,18.41
57,Ketchikan,US,2022-03-29 20:08:02,55.3422,-131.6461,40.98,98,100,7.07
58,Kapaa,US,2022-03-29 20:08:02,22.0752,-159.319,78.78,78,0,4.61
59,Georgetown,MY,2022-03-29 20:06:29,5.4112,100.3354,80.53,83,20,0.0
60,Songjianghe,CN,2022-03-29 20:08:03,42.1859,127.479,30.99,98,100,2.04
61,Ramon,PH,2022-03-29 20:08:03,16.7842,121.535,72.7,90,54,1.25
62,Punta Arenas,CL,2022-03-29 20:05:17,-53.15,-70.9167,48.22,68,75,23.02
63,Pacific Grove,US,2022-03-29 20:05:05,36.6177,-121.9166,61.81,93,100,10.36
64,Belyy Yar,RU,2022-03-29 20:08:04,53.6039,91.3903,23.86,85,0,2.24
65,Newcastle,AU,2022-03-29 20:08:05,-32.9272,151.7765,73.71,87,75,13.8
66,Rundu,NA,2022-03-29 20:04:02,-17.9333,19.7667,70.39,69,91,5.46
67,Cape Town,ZA,2022-03-29 20:05:01,-33.9258,18.4232,63.12,85,2,13.69
68,Thompson,CA,2022-03-29 20:08:05,55.7435,-97.8558,28.11,87,100,8.19
69,Bolshaya Glushitsa,RU,2022-03-29 20:08:06,50.2406,43.5908,43.03,78,100,18.23
70,Urumqi,CN,2022-03-29 20:06:07,43.801,87.6005,41.95,61,0,2.24
71,Cayenne,GF,2022-03-29 20:08:07,4.9333,-52.3333,82.44,2,75,13.8
72,Husavik,IS,2022-03-29 20:08:07,66.0449,-17.3389,27.79,72,11,8.34
73,Khuzhir,RU,2022-03-29 20:08:07,53.1939,107.3397,9.16,87,7,2.89
74,Gafanha Da Encarnacao,PT,2022-03-29 20:08:08,40.6181,-8.733,57.02,85,31,18.81
75,Provideniya,RU,2022-03-29 20:08:08,64.3833,-173.3,5.2,76,7,5.68
76,Miri,MY,2022-03-29 20:08:09,4.4148,114.0089,76.28,87,77,3.13
77,Hermanus,ZA,2022-03-29 20:08:09,-34.4187,19.2345,67.8,75,0,18.61
78,Outjo,NA,2022-03-29 20:08:09,-20.1167,16.15,70.93,64,98,8.66
79,Tazovskiy,RU,2022-03-29 20:08:10,67.4667,78.7,26.78,93,100,11.56
80,Chum Phae,TH,2022-03-29 20:08:10,16.5443,102.0992,77.36,71,21,1.81
81,Pandan,PH,2022-03-29 20:08:11,14.0453,124.1694,78.21,87,56,9.62
82,Imbituba,BR,2022-03-29 20:08:11,-28.24,-48.6703,76.01,76,0,14.5
83,Mahebourg,MU,2022-03-29 20:08:12,-20.4081,57.7,79.09,73,20,4.61
84,Half Moon Bay,US,2022-03-29 20:08:12,37.4636,-122.4286,67.41,80,75,18.41
85,Matara,LK,2022-03-29 20:08:12,5.9485,80.5353,77.27,87,2,1.72
86,Komsomolskiy,UZ,2022-03-29 20:08:13,40.4272,71.7189,43.11,61,46,4.72
87,Khvoynaya,RU,2022-03-29 20:08:13,58.9,34.5333,8.06,97,78,3.4
88,Palmer,US,2022-03-29 20:08:14,42.1584,-72.3287,39.24,30,20,21.85
89,Genhe,CN,2022-03-29 20:08:14,50.7833,121.5167,2.35,97,12,1.25
90,Mount Gambier,AU,2022-03-29 20:09:15,-37.8333,140.7667,52.83,78,56,5.59
91,Hofn,IS,2022-03-29 20:09:15,64.2539,-15.2082,31.55,63,29,10.09
92,Airai,TL,2022-03-29 20:09:16,-8.9266,125.4092,59.52,95,97,0.67
93,Scicli,IT,2022-03-29 20:09:16,36.7902,14.7014,51.35,88,100,1.57
94,Ponta Do Sol,PT,2022-03-29 20:09:17,32.6667,-17.1,65.01,75,25,7.09
95,Arboletes,CO,2022-03-29 20:09:17,8.8505,-76.4269,84.06,74,70,10.63
96,Saldanha,ZA,2022-03-29 20:09:18,-33.0117,17.9442,61.29,87,16,8.08
97,Togur,RU,2022-03-29 20:09:18,58.3631,82.8265,32.09,95,98,9.19
98,Dukat,RU,2022-03-29 20:09:19,62.55,155.55,-0.9,97,100,3.49
99,Huercal-Overa,ES,2022-03-29 20:09:19,37.389,-1.9454,62.24,85,93,0.27
100,Tarime,TZ,2022-03-29 20:09:20,-1.35,34.3667,64.96,90,98,2.8
101,Vila Franca Do Campo,PT,2022-03-29 20:09:20,37.7167,-25.4333,61.21,96,92,5.99
102,Athabasca,CA,2022-03-29 20:09:21,54.7169,-113.2854,36.5,81,55,11.14
103,Atuona,PF,2022-03-29 20:09:21,-9.8,-139.0333,79.25,79,90,16.87
104,Menongue,AO,2022-03-29 20:09:22,-14.6585,17.691,63.77,87,46,5.12
105,Kawambwa,ZM,2022-03-29 20:09:22,-9.7915,29.0791,62.73,97,100,2.1
106,Bridlington,GB,2022-03-29 20:09:23,54.0831,-0.1919,45.9,92,75,3.0
107,Qaqortoq,GL,2022-03-29 20:09:23,60.7167,-46.0333,32.25,74,88,2.64
108,Ust-Ishim,RU,2022-03-29 20:09:24,57.6935,71.1665,31.23,98,100,9.75
109,Yulara,AU,2022-03-29 20:09:24,-25.2406,130.9889,71.44,30,100,6.91
110,Halifax,CA,2022-03-29 20:08:04,44.6453,-63.5724,38.21,70,99,15.99
111,Araguari,BR,2022-03-29 20:04:29,-18.6472,-48.1872,78.78,58,7,5.46
112,Arlit,NE,2022-03-29 20:09:25,18.7369,7.3853,81.86,4,0,10.42
113,Leningradskiy,RU,2022-03-29 20:09:26,69.3833,178.4167,-17.81,98,48,3.31
114,New Norfolk,AU,2022-03-29 20:09:26,-42.7826,147.0587,54.9,62,82,3.27
115,Shelburne,CA,2022-03-29 20:09:26,44.0787,-80.2041,34.75,42,3,9.86
116,Pangnirtung,CA,2022-03-29 20:06:32,66.1451,-65.7125,25.18,86,25,0.94
117,Kruisfontein,ZA,2022-03-29 20:09:27,-34.0033,24.7314,62.89,87,100,5.08
118,Yugorsk,RU,2022-03-29 20:09:28,61.3133,63.3319,15.01,95,100,2.82
119,Carutapera,BR,2022-03-29 20:09:28,-1.195,-46.02,76.91,92,100,3.31
120,College,US,2022-03-29 20:05:25,64.8569,-147.8028,35.8,57,100,3.44
121,Vao,NC,2022-03-29 20:09:30,-22.6667,167.4833,78.4,84,100,17.47
122,Noceto,IT,2022-03-29 20:09:30,44.8114,10.1713,56.44,63,91,7.63
123,Kahului,US,2022-03-29 20:09:32,20.8947,-156.47,82.42,47,0,19.57
124,Saint-Philippe,RE,2022-03-29 20:09:32,-21.3585,55.7679,76.59,90,100,15.48
125,Ugoofaaru,MV,2022-03-29 20:09:33,5.6667,73.0,82.4,72,1,1.61
126,Horki,BY,2022-03-29 20:09:34,54.2861,30.9842,28.9,81,100,4.72
127,Torbay,CA,2022-03-29 20:05:37,47.6666,-52.7314,33.76,93,100,5.01
128,Westport,US,2022-03-29 20:04:39,41.1415,-73.3579,39.2,37,75,18.41
129,Kuryk,KZ,2022-03-29 20:09:34,43.2,51.65,44.96,84,2,21.5
130,Soto La Marina,MX,2022-03-29 20:09:35,23.7667,-98.2167,96.71,24,0,21.45
131,Tiksi,RU,2022-03-29 20:09:35,71.6872,128.8694,-0.54,96,100,4.88
132,San Patricio,US,2022-03-29 20:09:36,28.017,-97.5169,84.29,54,16,24.81
133,Bambanglipuro,ID,2022-03-29 20:09:36,-7.95,110.2833,76.15,89,86,4.03
134,Ondjiva,AO,2022-03-29 20:10:37,-17.0667,15.7333,72.66,57,49,4.41
135,Jumla,NP,2022-03-29 20:10:37,29.2747,82.1838,48.49,47,0,3.85
136,Kaka,TM,2022-03-29 20:10:37,37.3482,59.6143,46.65,44,0,12.17
137,Homestead,US,2022-03-29 20:10:38,25.4687,-80.4776,84.2,49,0,10.36
138,Xining,CN,2022-03-29 20:10:38,36.6167,101.7667,34.65,45,48,0.72
139,Evensk,RU,2022-03-29 20:10:39,61.95,159.2333,13.73,78,100,12.3
140,Hay River,CA,2022-03-29 20:06:34,60.8156,-115.7999,28.35,96,100,6.2
141,Hilo,US,2022-03-29 20:05:40,19.7297,-155.09,78.53,75,0,7.0
142,Soe,ID,2022-03-29 20:10:40,-9.8607,124.284,65.62,92,100,2.66
143,Araouane,ML,2022-03-29 20:10:40,18.9048,-3.5265,89.24,7,58,9.62
144,Whitecourt,CA,2022-03-29 20:10:41,54.1502,-115.6855,43.59,67,40,5.64
145,Valdobbiadene,IT,2022-03-29 20:10:41,45.8993,11.9946,52.12,81,97,2.17
146,Iqaluit,CA,2022-03-29 20:10:41,63.7506,-68.5145,23.7,79,100,3.62
147,Aripuana,BR,2022-03-29 20:10:42,-9.1667,-60.6333,81.61,87,100,2.77
148,Chokurdakh,RU,2022-03-29 20:10:42,70.6333,147.9167,-19.26,96,5,3.15
149,Port Macquarie,AU,2022-03-29 20:09:31,-31.4333,152.9167,67.89,100,75,14.97
150,Chapais,CA,2022-03-29 20:10:43,49.7834,-74.8492,18.63,80,100,10.98
151,Bluff,NZ,2022-03-29 20:10:43,-46.6,168.3333,54.77,89,8,6.33
152,Uige,AO,2022-03-29 20:10:44,-7.6087,15.0613,66.63,99,100,1.3
153,Colquechaca,BO,2022-03-29 20:10:44,-18.6667,-66.0167,51.28,22,4,7.99
154,Vicuna,CL,2022-03-29 20:10:45,-30.0319,-70.7081,87.76,23,0,7.9
155,Qaanaaq,GL,2022-03-29 20:10:45,77.484,-69.3632,14.74,91,100,1.28
156,Lebrija,ES,2022-03-29 20:10:46,36.9208,-6.0753,61.09,94,20,4.61
157,Kaspiyskiy,RU,2022-03-29 20:10:46,45.3929,47.3707,42.76,77,79,11.88
158,Acapulco,MX,2022-03-29 20:10:47,16.8634,-99.8901,84.02,51,0,8.05
159,Tuatapere,NZ,2022-03-29 20:10:47,-46.1333,167.6833,54.43,90,3,3.56
160,Nanortalik,GL,2022-03-29 20:10:48,60.1432,-45.2371,32.14,74,100,4.16
161,Chiredzi,ZW,2022-03-29 20:10:48,-21.05,31.6667,66.24,73,6,3.85
162,Puerto Escondido,MX,2022-03-29 20:10:49,15.85,-97.0667,86.83,70,20,10.36
163,Kodiak,US,2022-03-29 20:10:29,57.79,-152.4072,36.91,93,100,9.22
164,Belo Jardim,BR,2022-03-29 20:10:49,-8.3356,-36.4242,75.67,74,100,10.38
165,Avarua,CK,2022-03-29 20:10:50,-21.2078,-159.775,82.45,83,20,10.36
166,Osa,RU,2022-03-29 20:10:50,57.2829,55.4567,16.0,96,99,5.73
167,Lebu,CL,2022-03-29 20:10:50,-37.6167,-73.65,56.75,56,1,17.43
168,Gilbues,BR,2022-03-29 20:10:51,-9.8317,-45.3439,83.89,55,100,8.5
169,Viedma,AR,2022-03-29 20:10:51,-40.8135,-62.9967,54.66,48,96,25.93
170,Krasnovishersk,RU,2022-03-29 20:10:52,60.4078,57.082,10.29,98,98,2.42
171,Vihti,FI,2022-03-29 20:07:18,60.417,24.3197,26.53,65,61,5.99
172,Dauriya,RU,2022-03-29 20:10:52,49.9333,116.8667,19.63,26,98,1.25
173,Goose Creek,US,2022-03-29 20:07:49,32.981,-80.0326,67.08,46,40,10.36
174,Sibu,MY,2022-03-29 20:10:53,2.3,111.8167,74.23,97,100,0.89
175,Poli,TZ,2022-03-29 20:10:53,-3.3333,36.8,62.76,81,58,1.28
176,Zacualpan,MX,2022-03-29 20:11:54,21.25,-105.1667,96.42,43,2,7.23
177,San Quintin,MX,2022-03-29 20:11:54,30.4833,-115.95,62.55,68,39,20.31
178,Inirida,CO,2022-03-29 20:11:55,3.8653,-67.9239,78.03,87,100,1.12
179,Walvis Bay,NA,2022-03-29 20:11:55,-22.9575,14.5053,62.1,77,3,14.36
180,Truth Or Consequences,US,2022-03-29 20:07:00,33.1284,-107.2528,64.9,26,75,39.12
181,Lamballe,FR,2022-03-29 20:11:56,48.4676,-2.5144,50.11,93,46,4.0
182,Baykit,RU,2022-03-29 20:11:56,61.67,96.37,3.4,100,100,1.95
183,Souillac,MU,2022-03-29 20:11:56,-20.5167,57.5167,79.18,73,20,4.61
184,Terrace,CA,2022-03-29 20:07:11,54.5163,-128.6035,45.52,81,100,1.23
185,Kattivakkam,IN,2022-03-29 20:11:57,13.2167,80.3167,84.29,91,0,11.16
186,Takestan,IR,2022-03-29 20:11:57,36.0696,49.6959,49.1,37,0,6.11
187,Olinda,BR,2022-03-29 20:11:58,-8.0089,-34.8553,81.14,76,100,8.75
188,Camara De Lobos,PT,2022-03-29 20:11:58,32.6333,-16.9667,65.01,86,20,21.85
189,East London,ZA,2022-03-29 20:11:59,-33.0153,27.9116,76.48,74,66,21.34
190,Lincoln,US,2022-03-29 20:11:59,40.8,-96.667,72.14,43,0,21.85
191,Takoradi,GH,2022-03-29 20:11:59,4.8845,-1.7554,81.82,83,14,10.42
192,Ginda,IN,2022-03-29 20:12:00,30.6945,78.4932,57.7,21,0,7.7
193,Cururupu,BR,2022-03-29 20:12:00,-1.8283,-44.8683,76.87,94,100,2.06
194,Cabo San Lucas,MX,2022-03-29 20:08:55,22.8909,-109.9124,83.61,44,20,12.66
195,Nikolskoye,RU,2022-03-29 20:12:01,59.7035,30.7861,23.81,89,25,5.5
196,Bethel,US,2022-03-29 20:08:55,41.3712,-73.414,37.76,41,75,17.0
197,Arman,RU,2022-03-29 20:12:01,59.7,150.1667,12.15,78,100,8.41
198,Codrington,AU,2022-03-29 20:12:02,-38.2667,141.9667,57.67,67,99,9.66
199,Whitehorse,CA,2022-03-29 20:12:02,60.7161,-135.0538,38.1,64,100,11.99
200,Springbok,ZA,2022-03-29 20:12:03,-29.6643,17.8865,57.49,85,99,4.7
201,Gat,IL,2022-03-29 20:12:03,31.61,34.7642,66.4,45,33,7.76
202,Alyangula,AU,2022-03-29 20:12:04,-13.8483,136.4192,80.42,57,87,3.49
203,Vardo,NO,2022-03-29 20:12:04,70.3705,31.1107,30.18,69,40,26.46
204,Kaitangata,NZ,2022-03-29 20:12:05,-46.2817,169.8464,53.15,93,12,2.42
205,Tuktoyaktuk,CA,2022-03-29 20:12:05,69.4541,-133.0374,-13.61,94,46,7.05
206,Bonthe,SL,2022-03-29 20:12:05,7.5264,-12.505,79.05,77,15,9.93
207,Isangel,VU,2022-03-29 20:07:47,-19.55,169.2667,77.0,95,100,7.52
208,Opuwo,NA,2022-03-29 20:12:06,-18.0607,13.84,71.4,49,24,4.92
209,Tecoanapa,MX,2022-03-29 20:12:06,16.5167,-98.75,86.43,39,29,12.68
210,Tete,MZ,2022-03-29 20:12:07,-16.1564,33.5867,75.29,100,40,0.0
211,Talnakh,RU,2022-03-29 20:12:07,69.4865,88.3972,25.21,95,100,11.63
212,Kieta,PG,2022-03-29 20:12:08,-6.2167,155.6333,79.18,83,100,3.31
213,High Level,CA,2022-03-29 20:10:02,58.5169,-117.136,37.08,91,100,7.09
214,Korla,CN,2022-03-29 20:12:08,41.7597,86.1469,52.9,29,100,5.32
215,Inuvik,CA,2022-03-29 20:12:09,68.3499,-133.7218,-5.62,92,44,4.85
216,Castro,BR,2022-03-29 20:12:09,-24.7911,-50.0119,76.77,66,0,3.29
217,Luderitz,NA,2022-03-29 20:12:10,-26.6481,15.1594,63.88,81,45,10.6
218,Port Elizabeth,ZA,2022-03-29 20:12:10,-33.918,25.5701,66.31,90,100,11.01
219,San Jose,US,2022-03-29 20:10:36,37.3394,-121.895,67.35,63,40,14.97
220,Belmonte,BR,2022-03-29 20:12:11,-15.8631,-38.8828,80.51,69,42,6.78
221,Cherskiy,RU,2022-03-29 20:12:12,68.75,161.3,-7.49,84,100,2.98
222,Fairbanks,US,2022-03-29 20:10:50,64.8378,-147.7164,35.82,57,100,3.44
223,Carman,CA,2022-03-29 20:10:45,49.4992,-98.0016,35.67,86,100,4.14
224,Oranjemund,NA,2022-03-29 20:13:12,-28.55,16.4333,63.36,87,100,3.91
225,Nambour,AU,2022-03-29 20:13:13,-26.6333,152.95,68.86,93,20,1.01
226,Shawnee,US,2022-03-29 20:13:14,39.05,-95.7669,84.18,53,0,21.85
227,Saint George,US,2022-03-29 20:10:03,37.1041,-113.5841,62.64,55,40,20.71
228,Villa Rica,US,2022-03-29 20:13:15,33.7321,-84.9191,77.23,47,100,6.96
229,Makarska,HR,2022-03-29 20:13:15,43.2969,17.0178,53.67,78,81,5.77
230,Luan,CH,2022-03-29 20:13:16,46.3592,6.9759,48.24,56,100,3.51
231,Myitkyina,MM,2022-03-29 20:13:17,25.3833,97.4,71.58,56,83,2.04
232,Parrita,CR,2022-03-29 20:13:18,9.5201,-84.3225,87.15,64,54,8.52
233,San Policarpo,PH,2022-03-29 20:13:21,12.1791,125.5072,79.3,83,15,9.71
234,Saint-Augustin,CA,2022-03-29 20:13:21,51.226,-58.6502,32.61,99,100,12.21
235,Ocean Springs,US,2022-03-29 20:13:22,30.4113,-88.8278,80.71,74,40,9.22
236,Toropets,RU,2022-03-29 20:13:23,56.4978,31.6353,18.97,97,65,3.04
237,Pevek,RU,2022-03-29 20:12:20,69.7008,170.3133,-14.06,92,100,1.45
238,Morgan City,US,2022-03-29 20:13:23,29.6994,-91.2068,82.0,73,100,14.97
239,Rocha,UY,2022-03-29 20:08:38,-34.4833,-54.3333,85.03,35,4,12.66
240,Faya,SA,2022-03-29 20:13:24,18.3851,42.4509,57.72,29,0,2.86
241,Vestmannaeyjar,IS,2022-03-29 20:13:24,63.4427,-20.2734,38.28,68,59,29.55
242,Celestun,MX,2022-03-29 20:13:25,20.8667,-90.4,86.79,51,6,8.37
243,Inhambane,MZ,2022-03-29 20:13:25,-23.865,35.3833,74.39,69,6,9.8
244,Gorontalo,ID,2022-03-29 20:12:21,0.5412,123.0595,74.61,93,92,3.11
245,Mar Del Plata,AR,2022-03-29 20:11:09,-38.0023,-57.5575,69.82,76,0,18.01
246,Indramayu,ID,2022-03-29 20:13:26,-6.3264,108.32,78.4,82,65,4.12
247,Eidfjord,NO,2022-03-29 20:13:26,60.4675,7.0719,22.3,87,99,5.39
248,Bella Union,UY,2022-03-29 20:13:27,-30.2752,-57.6007,87.3,53,2,9.73
249,Tasiilaq,GL,2022-03-29 20:13:27,65.6145,-37.6368,24.96,75,100,11.97
250,Esperance,AU,2022-03-29 20:13:27,-33.8667,121.9,63.5,75,100,14.58
251,Adrar,MR,2022-03-29 20:13:28,20.5022,-10.0711,85.41,27,54,6.31
252,Carnarvon,AU,2022-03-29 20:13:28,-24.8667,113.6333,71.67,94,35,5.75
253,Sola,VU,2022-03-29 20:13:29,-13.8833,167.55,79.75,83,100,12.64
254,Nenjiang,CN,2022-03-29 20:13:29,49.1833,125.2167,23.83,63,0,8.32
255,Haines Junction,CA,2022-03-29 20:13:30,60.7522,-137.5108,31.68,86,100,1.45
256,Omboue,GA,2022-03-29 20:13:30,-1.5746,9.2618,76.42,85,56,4.68
257,Poronaysk,RU,2022-03-29 20:13:30,49.2167,143.1167,37.15,84,61,18.3
258,Chuy,UY,2022-03-29 20:13:31,-33.6971,-53.4616,85.6,39,5,9.13
259,Kotka,FI,2022-03-29 20:13:31,60.4664,26.9458,22.26,74,13,10.67
260,Petropavlovsk-Kamchatskiy,RU,2022-03-29 20:13:32,53.0452,158.6483,25.39,54,0,11.18
261,Da Nang,VN,2022-03-29 20:11:54,16.0678,108.2208,73.38,88,20,3.44
262,Spornoye,RU,2022-03-29 20:13:32,50.8448,37.2913,43.92,93,100,11.14
263,Handia,IN,2022-03-29 20:13:32,25.3833,82.1833,77.61,12,6,5.44
264,Guerrero Negro,MX,2022-03-29 20:13:33,27.9769,-114.0611,67.62,56,2,19.06
265,Kargil,IN,2022-03-29 20:13:33,34.5667,76.1,25.02,60,0,3.71
266,Namatanai,PG,2022-03-29 20:13:34,-3.6667,152.4333,80.46,79,56,8.01
267,Pontes E Lacerda,BR,2022-03-29 20:13:34,-15.2261,-59.3353,83.91,78,24,3.42
268,Ochamchira,GE,2022-03-29 20:13:35,42.7121,41.4721,47.79,66,100,5.61
269,Krasnoselkup,RU,2022-03-29 20:13:35,65.7,82.4667,29.26,95,100,13.4
270,Naze,JP,2022-03-29 20:14:35,28.3667,129.4833,64.62,84,100,14.88
271,Oxapampa,PE,2022-03-29 20:14:36,-10.5775,-75.4017,69.76,75,99,3.74
272,Sabzevar,IR,2022-03-29 20:14:36,36.2126,57.6819,48.0,49,0,9.6
273,Hithadhoo,MV,2022-03-29 20:14:37,-0.6,73.0833,82.09,67,9,6.64
274,Kismayo,SO,2022-03-29 20:14:37,-0.3582,42.5454,81.12,79,100,12.66
275,Ipixuna,BR,2022-03-29 20:14:37,-1.7625,-48.8043,74.01,98,100,2.75
276,Malinalco,MX,2022-03-29 20:14:38,18.95,-99.5,84.76,18,3,9.66
277,Caravelas,BR,2022-03-29 20:10:13,-17.7125,-39.2481,80.47,71,11,6.22
278,Sioux Lookout,CA,2022-03-29 20:14:38,50.1001,-91.917,34.79,94,100,10.02
279,Arawa,PG,2022-03-29 20:14:39,-6.2132,155.5367,76.75,90,100,3.22
280,Pozo Colorado,PY,2022-03-29 20:14:39,-23.4923,-58.7972,100.96,27,0,11.95
281,Gazanjyk,TM,2022-03-29 20:14:40,39.2446,55.5154,49.1,39,0,16.28
282,Mudu,CN,2022-03-29 20:14:40,31.252,120.5118,52.12,93,93,3.98
283,Tortoman,RO,2022-03-29 20:14:41,44.35,28.2167,50.65,56,99,9.01
284,Pangody,RU,2022-03-29 20:14:41,65.85,74.4859,27.84,97,100,12.91
285,Andrews,US,2022-03-29 20:14:41,32.3187,-102.5457,87.08,7,0,19.57
286,Atbasar,KZ,2022-03-29 20:14:42,51.8,68.3333,26.24,93,100,28.41
287,Koksovyy,RU,2022-03-29 20:14:42,48.1967,40.5989,44.24,76,100,18.57
288,Bandarbeyla,SO,2022-03-29 20:14:43,9.4942,50.8122,80.15,77,49,16.82
289,Emba,KZ,2022-03-29 20:14:43,48.8264,58.1442,32.45,81,59,22.06
290,Saquarema,BR,2022-03-29 20:14:43,-22.92,-42.5103,76.98,85,66,3.62
291,Ocumare Del Tuy,VE,2022-03-29 20:14:44,10.1165,-66.7761,88.61,43,100,6.67
292,Katsuura,JP,2022-03-29 20:14:44,35.1333,140.3,58.3,83,100,13.13
293,Pringsewu,ID,2022-03-29 20:14:45,-5.3582,104.9744,73.27,96,91,2.44
294,Coroata,BR,2022-03-29 20:14:45,-4.13,-44.1242,80.67,89,89,1.39
295,Manaquiri,BR,2022-03-29 20:14:46,-3.3167,-60.35,75.69,93,89,3.36
296,Longyearbyen,SJ,2022-03-29 20:14:46,78.2186,15.6401,10.24,67,0,4.61
297,Saint-Pierre,RE,2022-03-29 20:09:49,-21.3393,55.4781,76.68,88,40,23.02
298,Muravlenko,RU,2022-03-29 20:14:47,63.7898,74.523,30.47,94,100,15.86
299,Atar,MR,2022-03-29 20:14:47,20.5169,-13.0499,82.29,18,97,9.06
300,Labuhan,ID,2022-03-29 20:14:48,-6.8844,112.2051,78.89,86,77,3.87
301,Huarmey,PE,2022-03-29 20:14:48,-10.0681,-78.1522,75.94,73,19,12.44
302,Hasaki,JP,2022-03-29 20:12:35,35.7333,140.8333,46.8,84,97,11.95
303,Christchurch,NZ,2022-03-29 20:14:49,-43.5333,172.6333,59.95,89,82,5.75
304,Gwadar,PK,2022-03-29 20:14:49,25.1216,62.3254,80.15,34,0,9.15
305,Kutum,SD,2022-03-29 20:14:49,14.2,24.6667,69.28,7,23,11.5
306,Greymouth,NZ,2022-03-29 20:14:50,-42.4667,171.2,58.66,84,100,2.98
307,Oskemen,KZ,2022-03-29 20:14:50,49.9565,82.6119,36.93,74,100,10.13
308,Abonnema,NG,2022-03-29 20:14:51,4.7084,6.7931,81.61,80,56,9.17
309,Sukhobezvodnoye,RU,2022-03-29 20:14:51,57.0491,44.8891,18.81,95,65,4.07
310,Santa Isabel Do Rio Negro,BR,2022-03-29 20:14:52,-0.4139,-65.0192,78.82,85,99,2.21
311,Marawi,PH,2022-03-29 20:14:52,7.9986,124.2928,66.49,89,100,2.82
312,Izhma,RU,2022-03-29 20:14:52,65.0083,53.9113,0.95,97,99,4.0
313,Elizabethton,US,2022-03-29 20:14:53,36.3487,-82.2107,52.63,33,100,4.61
314,Hatillo,PR,2022-03-29 20:14:53,18.4863,-66.8254,83.1,77,100,10.0
315,Sitges,ES,2022-03-29 20:14:54,41.2351,1.8119,60.15,62,100,14.43
316,Taltal,CL,2022-03-29 20:15:54,-25.4,-70.4833,68.04,73,26,7.45
317,Nova Olinda Do Norte,BR,2022-03-29 20:15:54,-3.8881,-59.0942,78.21,90,96,3.11
318,Afyonkarahisar,TR,2022-03-29 20:15:55,38.75,30.6667,42.66,87,100,5.97
319,Katangli,RU,2022-03-29 20:15:55,51.7102,143.2326,27.9,97,100,5.19
320,Karpathos,GR,2022-03-29 20:15:56,35.507,27.2132,58.96,77,0,9.22
321,Severo-Kurilsk,RU,2022-03-29 20:15:56,50.6789,156.125,26.65,73,25,13.22
322,Porto Novo,BJ,2022-03-29 20:15:56,6.4965,2.6036,85.82,77,97,10.54
323,Lavrentiya,RU,2022-03-29 20:14:56,65.5833,-171.0,-2.69,89,24,5.61
324,Tura,IN,2022-03-29 20:15:57,25.5198,90.2201,72.01,62,54,4.12
325,Umm Kaddadah,SD,2022-03-29 20:15:57,13.6017,26.6876,72.57,9,37,12.21
326,Nawashahr,IN,2022-03-29 20:15:58,31.1167,76.1333,74.64,16,0,7.0
327,Shizunai,JP,2022-03-29 20:15:58,42.3339,142.3669,33.89,85,70,4.16
328,Beloha,MG,2022-03-29 20:15:59,-25.1667,45.05,71.02,75,0,16.33
329,Buala,SB,2022-03-29 20:15:59,-8.145,159.5921,80.02,82,98,2.59
330,Northam,GB,2022-03-29 20:15:59,51.0333,-4.2167,49.66,80,100,4.68
331,Likasi,CD,2022-03-29 20:16:00,-10.9814,26.7333,64.33,98,100,3.27
332,Berlevag,NO,2022-03-29 20:16:00,70.8578,29.0864,28.4,86,75,25.32
333,Camacha,PT,2022-03-29 20:16:01,33.0833,-16.3333,58.42,82,40,24.16
334,Salalah,OM,2022-03-29 20:16:01,17.0151,54.0924,77.09,78,0,2.3
335,Iranshahr,IR,2022-03-29 20:16:01,27.2025,60.6848,75.54,9,0,6.91
336,Lakatoro,VU,2022-03-29 20:16:02,-16.0999,167.4164,81.18,81,73,1.9
337,Kleive,NO,2022-03-29 20:16:03,62.7954,7.6359,29.91,74,20,9.22
338,Repnoye,RU,2022-03-29 20:16:03,51.5921,43.1861,38.39,97,100,10.92
339,Sur,OM,2022-03-29 20:16:03,22.5667,59.5289,81.07,36,0,2.08
340,Coihaique,CL,2022-03-29 20:11:05,-45.5752,-72.0662,54.21,43,20,9.22
341,Asau,RO,2022-03-29 20:16:04,46.4333,26.4,52.72,47,80,6.02
342,Makakilo City,US,2022-03-29 20:16:05,21.3469,-158.0858,79.12,59,0,12.66
343,Ahipara,NZ,2022-03-29 20:16:05,-35.1667,173.1667,64.67,81,7,4.09
344,Qasigiannguit,GL,2022-03-29 20:16:05,68.8193,-51.1922,18.55,91,60,1.41
345,Fort Nelson,CA,2022-03-29 20:15:09,58.8053,-122.7002,38.79,48,100,4.61
346,Nemuro,JP,2022-03-29 20:16:06,43.3236,145.575,35.31,89,100,25.12
347,Sorgun,TR,2022-03-29 20:16:06,39.8101,35.186,44.28,69,100,11.27
348,Itaqui,BR,2022-03-29 20:16:07,-29.1253,-56.5531,82.04,71,84,11.05
349,Bambous Virieux,MU,2022-03-29 20:16:08,-20.3428,57.7575,79.05,73,20,4.61
350,Aykhal,RU,2022-03-29 20:16:08,66.0,111.5,-8.84,100,99,4.85
351,Versalles,FR,2022-03-29 20:16:09,48.8,2.1333,54.01,83,75,4.61
352,Yasnyy,RU,2022-03-29 20:16:09,51.0333,59.8742,33.62,99,100,17.96
353,Faanui,PF,2022-03-29 20:16:10,-16.4833,-151.75,82.58,72,11,17.22
354,Mpongwe,ZM,2022-03-29 20:16:10,-13.5091,28.155,64.44,94,65,7.54
355,Kiunga,PG,2022-03-29 20:16:11,-6.1219,141.2906,71.76,99,91,2.91
356,Fortuna,US,2022-03-29 20:16:11,40.5982,-124.1573,54.86,94,75,9.22
357,Panaba,MX,2022-03-29 20:16:12,21.2833,-88.2667,95.07,25,1,15.9
358,Yerbogachen,RU,2022-03-29 20:12:13,61.2767,108.0108,7.32,95,95,6.06
359,Sarangani,PH,2022-03-29 20:16:16,5.4033,125.4636,82.67,76,97,17.76
360,Wanning,CN,2022-03-29 20:16:17,18.8003,110.3967,74.5,94,63,5.7
361,La Paz,BO,2022-03-29 20:15:04,-16.5,-68.15,64.38,21,20,12.66
362,Laje,BR,2022-03-29 20:17:17,-10.1833,-40.9667,87.12,33,29,7.9
363,Deniliquin,AU,2022-03-29 20:17:18,-35.5333,144.9667,56.97,80,5,8.61
364,Svetlogorsk,BY,2022-03-29 20:17:18,52.6333,29.7333,37.35,69,98,5.68
365,Vila,PT,2022-03-29 20:17:19,42.0304,-8.1588,47.7,74,99,4.92
366,Toora-Khem,RU,2022-03-29 20:17:19,52.4675,96.11,8.37,99,79,1.28
367,Peace River,CA,2022-03-29 20:15:10,56.2501,-117.286,44.91,56,75,8.05
368,Sorland,NO,2022-03-29 20:17:20,67.667,12.6934,34.2,59,100,27.72
369,Jalu,LY,2022-03-29 20:17:21,29.0331,21.5482,68.0,41,10,11.56
370,Port Hueneme,US,2022-03-29 20:17:21,34.1478,-119.1951,72.39,64,0,14.97
371,Asosa,ET,2022-03-29 20:17:22,10.0667,34.5333,74.48,25,41,3.11
372,Narsaq,GL,2022-03-29 20:17:22,60.9167,-46.05,32.76,74,78,2.82
373,Blagoveshchenka,RU,2022-03-29 20:17:23,52.8333,79.8667,31.78,73,100,25.17
374,Saint Anthony,US,2022-03-29 20:17:24,45.0205,-93.218,43.25,36,100,21.85
375,Kirakira,SB,2022-03-29 20:17:24,-10.4544,161.9205,80.19,84,100,4.74
376,Bengkulu,ID,2022-03-29 20:17:25,-3.8004,102.2655,75.61,85,100,5.44
377,Cotonou,BJ,2022-03-29 20:17:26,6.3654,2.4183,85.98,79,40,12.66
378,Butembo,CD,2022-03-29 20:17:26,0.15,29.2833,59.43,98,100,1.39
379,Barcelos,PT,2022-03-29 20:15:10,41.5388,-8.6151,58.91,86,95,8.19
380,Requena,ES,2022-03-29 20:17:27,39.4883,-1.1004,47.52,80,76,2.68
381,Geraldton,AU,2022-03-29 20:17:27,-28.7667,114.6,72.01,88,98,20.71
382,Fonte Boa,BR,2022-03-29 20:17:28,-2.4959,-66.2662,75.81,97,99,3.36
383,Te Anau,NZ,2022-03-29 20:17:28,-45.4167,167.7167,52.39,92,15,1.01
384,Benghazi,LY,2022-03-29 20:17:28,32.1167,20.0667,59.07,79,43,9.69
385,Lipin Bor,RU,2022-03-29 20:17:29,60.2622,37.9763,7.59,96,22,5.01
386,Sambava,MG,2022-03-29 20:17:29,-14.2667,50.1667,76.96,88,6,9.04
387,Sitka,US,2022-03-29 20:17:30,57.0531,-135.33,42.69,70,100,11.5
388,Flinders,AU,2022-03-29 20:12:39,-34.5833,150.8552,65.05,94,100,5.01
389,Iquique,CL,2022-03-29 20:13:05,-20.2208,-70.1431,68.04,69,10,9.44
390,Porto Walter,BR,2022-03-29 20:17:31,-8.2686,-72.7439,79.48,92,100,4.56
391,Vanavara,RU,2022-03-29 20:17:31,60.34,102.2797,2.62,98,85,4.23
392,Manavalakurichi,IN,2022-03-29 20:17:31,8.1333,77.3,81.23,83,100,6.35
393,Lethem,GY,2022-03-29 20:17:32,3.3803,-59.7968,90.81,38,98,9.08
394,Prince George,CA,2022-03-29 20:15:08,53.9166,-122.753,51.3,47,0,6.91
395,Mayo,US,2022-03-29 20:17:32,38.8876,-76.5119,46.35,33,0,11.99
396,Hovd,MN,2022-03-29 20:17:33,48.0056,91.6419,29.16,36,97,6.15
397,Igaracu Do Tiete,BR,2022-03-29 20:17:33,-22.5092,-48.5578,83.68,64,5,0.54
398,Xifeng,CN,2022-03-29 20:17:34,42.7372,124.7222,35.19,85,100,9.08
399,Beisfjord,NO,2022-03-29 20:17:34,68.3751,17.5988,30.25,94,100,5.82
400,Grindavik,IS,2022-03-29 20:17:34,63.8424,-22.4338,37.87,81,75,13.8
401,Zhangjiakou,CN,2022-03-29 20:17:35,40.81,114.8794,40.66,68,100,2.1
402,Sao Raimundo Nonato,BR,2022-03-29 20:17:35,-9.0153,-42.6994,86.86,40,100,3.94
403,Strezhevoy,RU,2022-03-29 20:17:36,60.7333,77.5889,30.38,93,100,10.02
404,Atambua,ID,2022-03-29 20:17:36,-9.1061,124.8925,72.64,88,91,1.54
405,Nhulunbuy,AU,2022-03-29 20:17:37,-12.2333,136.7667,75.81,94,100,3.44
406,Staromyshastovskaya,RU,2022-03-29 20:17:37,45.3433,39.0761,54.03,50,100,10.74
407,Methoni,GR,2022-03-29 20:17:37,36.8197,21.7049,60.22,87,5,3.29
408,Porto Uniao,BR,2022-03-29 20:17:38,-26.2381,-51.0783,82.38,48,11,0.92
409,Jilib,SO,2022-03-29 20:17:38,0.4883,42.7854,79.23,78,80,8.08
410,Pietarsaari,FI,2022-03-29 20:17:39,63.65,22.6833,30.0,58,100,5.99
411,Maraa,BR,2022-03-29 20:18:39,-1.8333,-65.3667,74.86,96,100,3.38
412,Los Llanos De Aridane,ES,2022-03-29 20:18:39,28.6585,-17.9182,61.12,84,20,24.16
413,Birao,CF,2022-03-29 20:18:40,10.2849,22.7882,79.43,6,21,6.51
414,Lorengau,PG,2022-03-29 20:18:40,-2.0226,147.2712,81.7,78,69,11.5
415,Poum,NC,2022-03-29 20:18:41,-20.2333,164.0167,81.95,82,100,17.27
416,Panzhihua,CN,2022-03-29 20:18:41,26.5851,101.7128,62.35,65,7,2.21
417,Richards Bay,ZA,2022-03-29 20:17:27,-28.783,32.0377,73.76,75,0,16.44
418,San Juan,AR,2022-03-29 20:17:37,-31.5375,-68.5364,88.72,18,0,22.86
419,Coahuayana,MX,2022-03-29 20:18:42,18.7333,-103.6833,90.16,27,6,8.28
420,San Matias,BO,2022-03-29 20:18:42,-16.3667,-58.4,88.79,62,40,7.76
421,Denpasar,ID,2022-03-29 20:17:13,-8.65,115.2167,78.46,83,20,1.14
422,Lampazos De Naranjo,MX,2022-03-29 20:18:43,27.0167,-100.5167,96.49,18,42,5.01
423,Egvekinot,RU,2022-03-29 20:18:43,66.3167,-179.1667,-6.68,83,7,11.9
424,Ankara,TR,2022-03-29 20:18:44,39.9199,32.8543,50.2,57,75,1.99
425,Meulaboh,ID,2022-03-29 20:18:44,4.1363,96.1285,77.43,82,84,2.39
426,Srednekolymsk,RU,2022-03-29 20:18:44,67.45,153.6833,-4.61,90,99,7.0
427,North Bend,US,2022-03-29 20:18:45,43.4065,-124.2243,57.92,83,75,8.05
428,Ancud,CL,2022-03-29 20:18:45,-41.8697,-73.8203,54.23,58,18,15.26
429,Vaasa,FI,2022-03-29 20:18:46,63.096,21.6158,28.94,59,0,4.61
430,Tumut,AU,2022-03-29 20:18:46,-35.3,148.2167,60.31,69,100,2.84
431,Olutanga,PH,2022-03-29 20:18:47,7.3106,122.8464,80.98,76,92,4.03
432,Nokaneng,BW,2022-03-29 20:18:47,-19.6667,22.2667,74.7,59,97,6.22
433,Morant Bay,JM,2022-03-29 20:18:47,17.8815,-76.4093,87.42,70,45,14.83
434,Jiwani,PK,2022-03-29 20:18:48,25.05,61.7417,80.51,29,0,15.75
435,Beihai,CN,2022-03-29 20:18:48,21.4833,109.1,70.47,92,99,14.0
436,Aranos,NA,2022-03-29 20:18:49,-24.1333,19.1167,80.24,29,39,10.07
437,Huilong,CN,2022-03-29 20:18:49,31.8111,121.655,54.93,92,100,10.74
438,Ryotsu,JP,2022-03-29 20:18:49,38.0833,138.4333,48.67,79,0,7.96
439,Macon,US,2022-03-29 20:18:50,39.8667,-88.9668,44.87,45,100,21.85
440,Bitkine,TD,2022-03-29 20:17:24,11.9801,18.2138,83.12,8,12,7.81
441,Mega,ET,2022-03-29 20:18:50,4.05,38.3,66.76,48,83,10.96
442,Bam,IR,2022-03-29 20:18:51,29.106,58.357,63.0,10,0,9.04
443,Marshall,US,2022-03-29 20:18:51,34.3834,-86.3333,76.3,59,0,9.22
444,Rosario,AR,2022-03-29 20:18:52,-32.9468,-60.6393,78.94,73,0,13.8
445,Hamilton,US,2022-03-29 20:18:52,39.1834,-84.5333,45.09,38,75,11.5
446,Mananara,MG,2022-03-29 20:18:52,-16.1667,49.7667,75.15,92,58,4.43
447,Kailua,US,2022-03-29 20:18:53,21.4022,-157.7394,80.58,73,100,4.0
448,Terney,RU,2022-03-29 20:18:53,45.0503,136.6092,34.9,70,100,10.8
449,Moron,AR,2022-03-29 20:18:54,-34.6534,-58.6198,71.35,55,66,14.45
450,Ixtapa,MX,2022-03-29 20:18:54,20.7,-105.2,76.23,61,0,17.27
451,Charcas,MX,2022-03-29 20:18:55,23.1333,-101.1167,84.56,9,33,17.11
452,Strai,NO,2022-03-29 20:18:55,58.2,7.9,31.1,62,0,6.91
453,Tvoroyri,FO,2022-03-29 20:18:55,61.5556,-6.8111,38.35,48,100,19.08
454,Plettenberg Bay,ZA,2022-03-29 20:18:56,-34.0527,23.3716,64.31,86,100,2.33
455,Albury,AU,2022-03-29 20:18:56,-36.0833,146.9167,61.02,97,0,3.44
456,Zhezkazgan,KZ,2022-03-29 20:18:56,47.8043,67.7144,28.72,66,54,24.7
457,Dingzhou,CN,2022-03-29 20:19:57,38.5131,114.9956,44.71,88,100,11.41
458,Burgeo,CA,2022-03-29 20:19:57,47.6167,-57.6152,33.69,82,100,3.51
459,Rio Gallegos,AR,2022-03-29 20:15:07,-51.6226,-69.2181,50.05,43,40,31.07
460,Kashi,CN,2022-03-29 20:19:58,39.4547,75.9797,47.41,31,6,11.18
461,San Mateo Ixtatan,GT,2022-03-29 20:19:58,15.8319,-91.4781,66.18,44,48,5.26
462,Rohri,PK,2022-03-29 20:19:59,27.6922,68.8951,76.87,53,0,0.0
463,Norwich,GB,2022-03-29 20:15:38,52.6278,1.2983,45.36,87,75,3.44
464,Tiarei,PF,2022-03-29 20:19:59,-17.5333,-149.3333,86.02,75,11,16.64
465,Bulgan,MN,2022-03-29 20:20:00,48.8125,103.5347,22.84,54,83,3.18
466,Kayes,ML,2022-03-29 20:20:00,14.0,-11.0,99.7,11,3,2.1
467,Canals,ES,2022-03-29 20:20:01,38.9625,-0.5844,57.02,85,30,1.01
468,Alur,IN,2022-03-29 20:20:02,12.9833,75.9833,70.79,90,72,8.52
469,Skibotn,NO,2022-03-29 20:20:03,69.3913,20.2679,26.64,95,100,15.08
470,Catamarca,AR,2022-03-29 20:20:03,-28.4696,-65.7852,93.78,27,0,10.0
471,Constitucion,CL,2022-03-29 20:20:04,-35.3333,-72.4167,63.23,41,0,20.11
472,Smidovich,RU,2022-03-29 20:20:05,48.6,133.8167,24.39,78,5,15.23
473,Meadow Lake,US,2022-03-29 20:15:09,34.8014,-106.5436,54.68,31,100,25.19
474,Quixeramobim,BR,2022-03-29 20:19:09,-5.1992,-39.2928,84.33,53,100,2.21
475,Sonkovo,RU,2022-03-29 20:20:07,57.7782,37.1571,18.66,96,100,5.21
476,Comodoro Rivadavia,AR,2022-03-29 20:20:07,-45.8667,-67.5,55.26,30,0,27.63
477,Tonantins,BR,2022-03-29 20:20:08,-2.8731,-67.8022,72.72,99,100,2.01
478,Ambalavao,MG,2022-03-29 20:20:08,-21.8333,46.9333,63.77,91,93,7.05
479,Cody,US,2022-03-29 20:16:04,44.5263,-109.0565,39.38,67,100,20.71
480,Lensk,RU,2022-03-29 20:20:09,60.7253,114.9278,6.08,96,100,6.02
481,Ambulu,ID,2022-03-29 20:20:10,-8.345,113.6058,75.54,88,94,2.73
482,Bairiki,KI,2022-03-29 20:20:10,1.3292,172.9752,80.6,83,75,3.44
483,Valdivia,CL,2022-03-29 20:15:23,-39.8142,-73.2459,59.09,44,34,9.35
484,Svetlyy,RU,2022-03-29 20:20:11,54.675,20.1347,35.65,71,100,4.79
485,Avera,US,2022-03-29 20:20:11,33.194,-82.5271,71.11,40,77,6.69
486,Zhongxing,CN,2022-03-29 20:20:12,33.7039,118.6792,50.85,93,82,5.82
487,Yumen,CN,2022-03-29 20:20:13,40.2833,97.2,39.04,39,95,9.6
488,Conakry,GN,2022-03-29 20:20:13,9.538,-13.6773,80.67,78,0,9.22
489,Mundwa,IN,2022-03-29 20:20:14,27.0667,73.8167,85.15,10,0,10.83
490,Angoche,MZ,2022-03-29 20:20:14,-16.2325,39.9086,77.23,89,23,7.31
491,Manbij,SY,2022-03-29 20:20:15,36.5281,37.9549,54.07,44,100,9.82
492,San Andres,CO,2022-03-29 20:17:37,12.5847,-81.7006,86.02,66,40,16.11
493,Gimli,CA,2022-03-29 20:17:37,50.6336,-96.9907,35.62,69,100,4.61
494,Deming,US,2022-03-29 20:20:16,32.2687,-107.7586,57.09,38,100,26.46
495,Puerto Colombia,CO,2022-03-29 20:20:17,10.9878,-74.9547,86.09,75,100,23.51
496,Jimma,ET,2022-03-29 20:20:18,7.6667,36.8333,66.27,50,63,1.43
497,Grand-Santi,GF,2022-03-29 20:20:18,4.25,-54.3833,82.53,68,92,6.06
498,Ouango,CF,2022-03-29 20:20:19,4.3133,22.5552,78.42,45,97,4.32
499,Ville-Marie,CA,2022-03-29 20:15:23,47.3335,-79.433,28.06,63,99,8.34
500,Tanete,ID,2022-03-29 20:20:20,-3.9443,119.7848,75.15,87,100,1.39
501,Aasiaat,GL,2022-03-29 20:20:20,68.7098,-52.8699,20.37,95,95,5.99
502,Tunceli,TR,2022-03-29 20:20:21,39.1083,39.5471,43.63,70,100,3.74
503,Olafsvik,IS,2022-03-29 20:20:21,64.8945,-23.7142,36.59,77,56,9.01
504,Novara,IT,2022-03-29 20:20:22,45.5853,8.5778,57.31,55,0,5.75
505,Ostrovnoy,RU,2022-03-29 20:20:22,68.0531,39.5131,18.36,87,100,6.35
506,Mattru,SL,2022-03-29 20:21:23,7.6244,-11.8332,80.56,69,94,5.5
507,Puerto Del Rosario,ES,2022-03-29 20:21:24,28.5004,-13.8627,65.95,63,20,13.8
508,Girne,CY,2022-03-29 20:21:24,35.3417,33.3167,54.95,70,36,4.25
509,Kamloops,CA,2022-03-29 20:21:24,50.6665,-120.3192,55.58,46,75,5.75
510,Vanimo,PG,2022-03-29 20:21:25,-2.6741,141.3028,76.35,91,100,8.48
511,Auki,SB,2022-03-29 20:21:26,-8.7676,160.7034,78.15,87,100,1.9
512,Tam Ky,VN,2022-03-29 20:21:27,15.5667,108.4833,71.56,95,86,3.96
513,Suffolk,US,2022-03-29 20:21:27,40.8668,-72.7996,39.22,40,100,17.27
514,Namibe,AO,2022-03-29 20:21:28,-15.1961,12.1522,70.48,76,93,12.91
515,Paamiut,GL,2022-03-29 20:21:28,61.994,-49.6678,29.66,75,12,5.84
516,Kindu,CD,2022-03-29 20:21:28,-2.95,25.95,67.87,98,100,2.28
517,Maniitsoq,GL,2022-03-29 20:21:29,65.4167,-52.9,25.66,89,15,9.28
518,Solwezi,ZM,2022-03-29 20:21:29,-12.1688,26.3894,61.09,99,96,4.05
519,Broome,US,2022-03-29 20:21:30,42.2506,-75.833,32.9,47,100,19.57
520,Maceio,BR,2022-03-29 20:21:30,-9.6658,-35.7353,83.64,69,40,8.05
521,Kalmunai,LK,2022-03-29 20:21:30,7.4167,81.8167,78.04,87,3,6.53
522,Tawau,MY,2022-03-29 20:18:02,4.2498,117.8871,73.53,83,100,3.51
523,Aksarka,RU,2022-03-29 20:21:31,66.5606,67.7975,11.66,97,100,3.65
524,Erzin,TR,2022-03-29 20:21:32,36.9559,36.2,56.66,51,100,6.29
525,Sao Filipe,CV,2022-03-29 20:21:32,14.8961,-24.4956,70.81,79,28,12.68
526,Paracuru,BR,2022-03-29 20:21:33,-3.41,-39.0306,77.11,92,100,12.77
527,Mackenzie,CA,2022-03-29 20:21:33,55.2999,-123.1698,44.82,42,0,11.5
528,Mahibadhoo,MV,2022-03-29 20:21:33,3.7833,72.9667,82.0,70,0,4.61
529,Trinidad,BO,2022-03-29 20:16:49,-14.8333,-64.9,93.18,59,75,6.91
530,Salym,RU,2022-03-29 20:21:34,60.0625,71.4789,31.51,93,100,9.46
531,Hanamaki,JP,2022-03-29 20:21:34,39.3833,141.1167,37.2,95,32,1.9
532,Belmopan,BZ,2022-03-29 20:21:35,17.25,-88.7667,88.18,56,51,8.37
533,Rosarito,MX,2022-03-29 20:21:35,32.3333,-117.0333,64.08,75,75,19.22
534,Kolokani,ML,2022-03-29 20:21:36,13.5728,-8.0339,91.65,8,49,7.87
535,Chumphon,TH,2022-03-29 20:21:36,10.3333,98.8333,71.47,96,70,0.18
536,Elgin,US,2022-03-29 20:21:37,42.0373,-88.2812,42.19,39,100,13.8
537,Pulivendla,IN,2022-03-29 20:21:37,14.4167,78.2333,87.31,36,5,7.78
538,Bilibino,RU,2022-03-29 20:21:38,68.0546,166.4372,0.54,76,100,3.85
539,Bogotol,RU,2022-03-29 20:21:38,56.2078,89.5342,20.61,93,100,7.05
540,Angoram,PG,2022-03-29 20:21:39,-4.0625,144.0661,73.6,99,99,3.65
541,Vokhma,RU,2022-03-29 20:21:39,58.9303,46.7586,7.68,100,95,3.87
542,Pochutla,MX,2022-03-29 20:21:40,15.7432,-96.4661,89.82,40,100,10.47
543,Luanda,AO,2022-03-29 20:17:00,-8.8368,13.2343,77.0,94,75,6.91
544,Vaitape,PF,2022-03-29 20:21:40,-16.5167,-151.75,82.54,72,12,17.29
545,Ammon,US,2022-03-29 20:21:40,43.4696,-111.9666,56.34,47,100,3.44
546,Taitung,TW,2022-03-29 20:21:41,22.7583,121.1444,73.54,79,71,6.85
547,Fereydun Kenar,IR,2022-03-29 20:21:41,36.6864,52.5225,52.02,76,0,0.0
548,Mankono,CI,2022-03-29 20:22:42,8.0586,-6.1897,86.43,39,98,4.16
549,Mersing,MY,2022-03-29 20:22:42,2.4312,103.8405,82.31,78,51,9.22
550,Ombessa,CM,2022-03-29 20:22:42,4.603,11.2565,79.16,62,8,8.55
551,Kavieng,PG,2022-03-29 20:22:43,-2.5744,150.7967,81.72,78,56,8.55
552,Coquimbo,CL,2022-03-29 20:20:24,-29.9533,-71.3436,64.13,67,0,11.5
553,Gobabis,NA,2022-03-29 20:22:44,-22.45,18.9667,73.92,47,87,9.48
554,Ust-Nera,RU,2022-03-29 20:22:44,64.5667,143.2,-16.02,96,40,2.91
555,Klaksvik,FO,2022-03-29 20:22:45,62.2266,-6.589,34.72,55,100,20.89
556,Honghu,CN,2022-03-29 20:22:45,29.8206,113.4621,62.96,85,100,3.87
557,Vigo,ES,2022-03-29 20:18:53,42.2328,-8.7226,56.52,62,0,14.97
558,Dingle,PH,2022-03-29 20:22:46,10.9995,122.6711,76.24,87,48,7.67
559,Pio Ix,BR,2022-03-29 20:22:46,-6.8375,-40.5792,79.38,65,100,4.59
560,Kendal,GB,2022-03-29 20:22:46,54.3268,-2.7476,50.11,86,100,3.36
561,Izyaslav,UA,2022-03-29 20:22:47,50.1195,26.8213,47.34,77,100,4.12
562,Jian,CN,2022-03-29 20:22:47,27.1172,114.9793,63.84,97,100,1.25
563,Barra Do Corda,BR,2022-03-29 20:22:48,-5.5,-45.25,78.51,95,100,3.53
564,Paoua,CF,2022-03-29 20:22:48,7.2427,16.4406,76.87,13,33,2.57
565,Roald,NO,2022-03-29 20:22:48,62.5833,6.1333,35.76,86,20,13.8
566,Katol,IN,2022-03-29 20:22:49,21.2667,78.5833,84.81,14,5,5.73
567,Idil,TR,2022-03-29 20:22:49,37.3411,41.8895,48.6,52,100,4.36
568,Xam Nua,LA,2022-03-29 20:22:50,20.4197,104.0439,61.25,98,94,2.42
569,Conceicao Do Araguaia,BR,2022-03-29 20:22:50,-8.2578,-49.2647,74.44,94,100,1.81
570,Vila Velha,BR,2022-03-29 20:22:50,-20.3297,-40.2925,84.15,78,75,10.36
571,Karla,EE,2022-03-29 20:22:51,59.3723,24.9275,24.76,68,20,4.61
572,Sao Felix Do Xingu,BR,2022-03-29 20:22:51,-6.6447,-51.995,72.52,99,100,0.65
573,Yining,CN,2022-03-29 20:22:52,29.0361,114.5636,60.87,89,100,0.6
574,Jaguaruna,BR,2022-03-29 20:22:52,-28.615,-49.0256,77.7,71,0,12.8
575,Panji,ID,2022-03-29 20:22:52,-7.7253,114.0995,75.43,87,100,3.8
576,Bonavista,CA,2022-03-29 20:22:53,48.6499,-53.1147,32.47,94,100,13.0
577,Honiara,SB,2022-03-29 20:22:53,-9.4333,159.95,78.58,85,95,4.03
578,Benicarlo,ES,2022-03-29 20:22:54,40.4165,0.4271,58.57,77,98,12.95
579,Zhigansk,RU,2022-03-29 20:22:54,66.7697,123.3711,2.95,93,99,7.25
580,Ambilobe,MG,2022-03-29 20:22:54,-13.2,49.05,72.93,96,6,3.11
581,Kaeo,NZ,2022-03-29 20:22:55,-35.1,173.7833,62.33,96,34,5.55
582,Boralday,KZ,2022-03-29 20:22:55,43.3578,76.8594,31.86,86,100,4.47
583,Kungurtug,RU,2022-03-29 20:22:08,50.5994,97.5228,7.88,96,30,1.9
584,Havre-Saint-Pierre,CA,2022-03-29 20:22:56,50.2334,-63.5986,37.76,87,100,20.71
585,Cap Malheureux,MU,2022-03-29 20:22:56,-19.9842,57.6142,76.46,78,1,3.0
586,Eureka,US,2022-03-29 20:22:57,40.8021,-124.1637,63.68,89,75,5.01
587,Escanaba,US,2022-03-29 20:22:57,45.7453,-87.0646,34.25,60,100,9.22
588,Kudahuvadhoo,MV,2022-03-29 20:22:58,2.6708,72.8944,81.57,72,0,5.35
589,Karratha,AU,2022-03-29 20:22:58,-20.7377,116.8463,80.31,74,63,2.77
